TW16:- Study of views

create view empProjView as
(select e.name empname, p.name projname
from employee1 e, assigned_to at, projects p
where e.empid = at.empid and at.pid = p.pid);


create table assigned_to(
empid integer,
pid integer,
constraint EMPNO_FK_ASSIG_TO_ERR
foreign key(empid) references employee1(empid),
constraint PROJNO_FK_ASSIG_TO_ERR
foreign key(pid) references projects(pid)
)engine=InnoDB;


Views:-


mysql> select * from empprojview;
+---------+----------+
| empname | projname |
+---------+----------+
| Naveen  | 2GPT     |
| harish  | 2GPT     |
| Dinesh  | ChatGPT  |
| Naveen  | ChatGPT  |
| harish  | ChatGPT  |
+---------+----------+
5 rows in set (0.00 sec)

mysql> select * from employee1;
+----------+-------+
| name     | empid |
+----------+-------+
| Dinesh   |     1 |
| harish   |     2 |
| Naveen   |     3 |
| Jagadesh |     4 |
+----------+-------+
4 rows in set (0.00 sec)

mysql> select * from projects;
+---------+-----+
| name    | pid |
+---------+-----+
| 2GPT    |   1 |
| ChatGPT |   2 |
| 2PT     |   3 |
+---------+-----+
3 rows in set (0.00 sec)

mysql> select * from assigned_to;
+-------+------+
| empid | pid  |
+-------+------+
|     1 |    2 |
|     3 |    2 |
|     3 |    1 |
|     2 |    2 |
|     2 |    1 |
+-------+------+
5 rows in set (0.00 sec)

mysql>


create view empView as(
select * from employee1 where empid < 4);

 insert into empview values('Rahul', 6);
Query OK, 1 row affected (0.03 sec)


mysql> select * from employee1;
+----------+-------+
| name     | empid |
+----------+-------+
| Dinesh   |     1 |
| harish   |     2 |
| Naveen   |     3 |
| Jagadesh |     4 |
| Rahul    |     6 |
+----------+-------+
5 rows in set (0.00 sec)



